{
  "project_info": {
    "project_number": "234740854878",
    "project_id": "book-store-pos-app-690dd",
    "storage_bucket": "book-store-pos-app-690dd.firebasestorage.app"
  },
  "client": [
    {
      "client_info": {
        "mobilesdk_app_id": "1:234740854878:android:93d0e31fcf2bb3d4e4c4cf",
        "android_client_info": {
          "package_name": "com.example.bookstoreposapp"
        }
      },
      "oauth_client": [],
      "api_key": [
        {
          "current_key": "AIzaSyArEBa90IxU_6T-A8Y2CU93y3NXLM5Ux-Y"
        }
      ],
      "services": {
        "appinvite_service": {
          "other_platform_oauth_client": []
        }
      }
    }
  ],
  "configuration_version": "1"
}